{"cameraMode":{"drawMode":0,"name":"Shaded","section":"Shading Mode"},"sceneLighting":true,"audioPlay":false,"sceneViewState":{"m_AlwaysRefresh":false,"showFog":true,"showSkybox":true,"showFlares":true,"showImageEffects":true,"showParticleSystems":true,"showVisualEffectGraphs":true,"m_FxEnabled":true},"in2DMode":false,"pivot":{"x":-4.328667163848877,"y":-0.5044171214103699,"z":-0.44866248965263369},"rotation":{"x":-0.32668164372444155,"y":0.49516841769218447,"z":-0.7777032256126404,"w":-0.20804156363010407},"size":11.885920524597168,"orthographic":true}